,index,aqi,aqiInfo,aqiLevel,bWendu,fengli,fengxiang,tianqi,yWendu,ymd,month
0,0,450.0,严重污染,6.0,5℃,1-2级,南风,霾~晴,-3℃,2017-01-01,201701
1,1,246.0,重度污染,5.0,7℃,1-2级,南风,晴~霾,-6℃,2017-01-02,201701
2,2,320.0,严重污染,6.0,5℃,1-2级,南风,霾,-5℃,2017-01-03,201701
3,3,360.0,严重污染,6.0,6℃,1-2级,北风,霾,-5℃,2017-01-04,201701
4,4,280.0,重度污染,5.0,2℃,1-2级,北风,霾,-4℃,2017-01-05,201701
5,5,234.0,重度污染,5.0,4℃,1-2级,南风,霾,-2℃,2017-01-06,201701
6,6,206.0,重度污染,5.0,2℃,微风,无持续风向,小雪,-3℃,2017-01-07,201701
7,7,59.0,良,2.0,5℃,1-2级,北风,阴~晴,-4℃,2017-01-08,201701
8,8,42.0,优,1.0,3℃,1-2级,南风,晴,-5℃,2017-01-09,201701
9,9,46.0,优,1.0,4℃,3-4级,北风,晴,-6℃,2017-01-10,201701
10,10,82.0,良,2.0,5℃,1-2级,南风,晴,-5℃,2017-01-11,201701
11,11,61.0,良,2.0,5℃,1-2级,南风,晴,-4℃,2017-01-12,201701
12,12,26.0,优,1.0,3℃,3-4级,北风,晴,-6℃,2017-01-13,201701
13,13,35.0,优,1.0,3℃,1-2级,东南风,晴,-7℃,2017-01-14,201701
14,14,71.0,良,2.0,1℃,1-2级,南风,霾,-6℃,2017-01-15,201701
15,15,123.0,轻度污染,3.0,1℃,1-2级,南风,霾,-5℃,2017-01-16,201701
16,16,175.0,中度污染,4.0,4℃,1-2级,北风,霾~晴,-5℃,2017-01-17,201701
17,17,59.0,良,2.0,2℃,1-2级,南风,多云~小雪,-4℃,2017-01-18,201701
18,18,86.0,良,2.0,1℃,5-6级,北风,晴,-8℃,2017-01-19,201701
19,19,35.0,优,1.0,1℃,1-2级,西南风,晴~多云,-8℃,2017-01-20,201701
20,20,55.0,良,2.0,0℃,4-5级,东北风,晴,-8℃,2017-01-21,201701
21,21,37.0,优,1.0,0℃,1-2级,南风,晴,-10℃,2017-01-22,201701
22,22,46.0,优,1.0,1℃,1-2级,西南风,多云~晴,-8℃,2017-01-23,201701
23,23,112.0,轻度污染,3.0,4℃,1-2级,南风,多云,-7℃,2017-01-24,201701
24,24,215.0,重度污染,5.0,5℃,1-2级,西南风,晴~阴,-4℃,2017-01-25,201701
25,25,216.0,重度污染,5.0,8℃,4-5级,北风,多云~晴,-6℃,2017-01-26,201701
26,26,69.0,良,2.0,5℃,3-4级,西南风,晴~多云,-5℃,2017-01-27,201701
27,27,354.0,严重污染,6.0,4℃,1-2级,南风,多云,-4℃,2017-01-28,201701
28,28,89.0,良,2.0,1℃,4-5级,北风,多云~晴,-8℃,2017-01-29,201701
29,29,38.0,优,1.0,1℃,1-2级,南风,多云,-5℃,2017-01-30,201701
30,30,107.0,轻度污染,3.0,5℃,1-2级,南风,晴,-4℃,2017-01-31,201701
31,0,45.0,优,1.0,4℃,3-4级,北风,晴,-7℃,2017-02-01,201702
32,1,109.0,轻度污染,3.0,5℃,1-2级,南风,晴,-5℃,2017-02-02,201702
33,2,188.0,中度污染,4.0,6℃,微风,无持续风向,晴~多云,-3℃,2017-02-03,201702
34,3,303.0,严重污染,6.0,9℃,1-2级,北风,晴,-2℃,2017-02-04,201702
35,4,28.0,优,1.0,8℃,1-2级,北风,晴,-4℃,2017-02-05,201702
36,5,29.0,优,1.0,4℃,1-2级,南风,多云~阴,-5℃,2017-02-06,201702
37,6,99.0,良,2.0,1℃,1-2级,南风,小雪~阴,-4℃,2017-02-07,201702
38,7,64.0,良,2.0,4℃,4-5级,北风,多云~晴,-7℃,2017-02-08,201702
39,8,28.0,优,1.0,3℃,4-5级,北风,晴,-5℃,2017-02-09,201702
40,9,30.0,优,1.0,4℃,4-5级,北风,晴,-6℃,2017-02-10,201702
41,10,54.0,良,2.0,7℃,1-2级,南风,晴,-5℃,2017-02-11,201702
42,11,138.0,轻度污染,3.0,9℃,1-2级,南风,晴,-3℃,2017-02-12,201702
43,12,112.0,轻度污染,3.0,10℃,1-2级,南风,晴,-4℃,2017-02-13,201702
44,13,221.0,重度污染,5.0,8℃,1-2级,南风,晴,-3℃,2017-02-14,201702
45,14,282.0,重度污染,5.0,8℃,1-2级,南风,多云~阴,1℃,2017-02-15,201702
46,15,154.0,中度污染,4.0,7℃,4-5级,北风,多云,-4℃,2017-02-16,201702
47,16,38.0,优,1.0,5℃,1-2级,南风,晴,-4℃,2017-02-17,201702
48,17,109.0,轻度污染,3.0,8℃,1-2级,南风,多云~阴,-1℃,2017-02-18,201702
49,18,155.0,中度污染,4.0,15℃,4-5级,北风,多云~晴,-2℃,2017-02-19,201702
50,19,33.0,优,1.0,6℃,3-4级,北风,多云~阴,-2℃,2017-02-20,201702
51,20,82.0,良,2.0,1℃,1-2级,南风,小雪,-3℃,2017-02-21,201702
52,21,109.0,轻度污染,3.0,9℃,3-4级,北风,阴~晴,-3℃,2017-02-22,201702
53,22,32.0,优,1.0,7℃,1-2级,南风,晴,-4℃,2017-02-23,201702
54,23,45.0,优,1.0,12℃,1-2级,北风,晴,-2℃,2017-02-24,201702
55,24,29.0,优,1.0,12℃,微风,无持续风向,多云,-1℃,2017-02-25,201702
56,25,44.0,优,1.0,13℃,微风,无持续风向,晴,-2℃,2017-02-26,201702
57,26,90.0,良,2.0,14℃,1-2级,南风,晴,2℃,2017-02-27,201702
58,27,37.0,优,1.0,15℃,1-2级,北风,多云~阴,2℃,2017-02-28,201702
59,0,39.0,优,1.0,8℃,4-5级,北风,晴,-3℃,2017-03-01,201703
60,1,59.0,良,2.0,13℃,3-4级,南风,晴,-2℃,2017-03-02,201703
61,2,114.0,轻度污染,3.0,13℃,微风,无持续风向,晴,-2℃,2017-03-03,201703
62,3,109.0,轻度污染,3.0,13℃,1-2级,南风,多云,0℃,2017-03-04,201703
63,4,46.0,优,1.0,11℃,4-5级,北风,晴,-2℃,2017-03-05,201703
64,5,42.0,优,1.0,9℃,4-5级,北风,多云~晴,-3℃,2017-03-06,201703
65,6,29.0,优,1.0,9℃,3-4级,北风,晴,-1℃,2017-03-07,201703
66,7,33.0,优,1.0,13℃,3-4级,北风,晴,2℃,2017-03-08,201703
67,8,35.0,优,1.0,15℃,1-2级,南风,晴,2℃,2017-03-09,201703
68,9,53.0,良,2.0,16℃,1-2级,南风,多云~阴,4℃,2017-03-10,201703
69,10,78.0,良,2.0,20℃,1-2级,南风,阴~晴,4℃,2017-03-11,201703
70,11,34.0,优,1.0,13℃,4-5级,北风,晴,1℃,2017-03-12,201703
71,12,32.0,优,1.0,14℃,1-2级,南风,晴,2℃,2017-03-13,201703
72,13,40.0,优,1.0,15℃,1-2级,南风,晴~多云,3℃,2017-03-14,201703
73,14,86.0,良,2.0,16℃,1-2级,南风,多云~晴,3℃,2017-03-15,201703
74,15,151.0,中度污染,4.0,17℃,1-2级,南风,多云,6℃,2017-03-16,201703
75,16,156.0,中度污染,4.0,17℃,1-2级,南风,阴~多云,5℃,2017-03-17,201703
76,17,183.0,中度污染,4.0,20℃,1-2级,北风,晴,5℃,2017-03-18,201703
77,18,273.0,重度污染,5.0,19℃,1-2级,东南风,多云~阴,7℃,2017-03-19,201703
78,19,192.0,中度污染,4.0,12℃,1-2级,东风,小雨~阴,6℃,2017-03-20,201703
79,20,110.0,轻度污染,3.0,15℃,1-2级,南风,多云,4℃,2017-03-21,201703
80,21,172.0,中度污染,4.0,15℃,1-2级,东风,阴~小雨,7℃,2017-03-22,201703
81,22,167.0,中度污染,4.0,8℃,1-2级,东风,小雨,2℃,2017-03-23,201703
82,23,85.0,良,2.0,6℃,1-2级,南风,雨夹雪~阴,0℃,2017-03-24,201703
83,24,55.0,良,2.0,13℃,1-2级,南风,多云,4℃,2017-03-25,201703
84,25,31.0,优,1.0,15℃,3-4级,北风,多云~晴,4℃,2017-03-26,201703
85,26,34.0,优,1.0,15℃,1-2级,南风,晴~多云,5℃,2017-03-27,201703
86,27,80.0,良,2.0,16℃,1-2级,南风,多云~晴,4℃,2017-03-28,201703
87,28,146.0,轻度污染,3.0,20℃,1-2级,西南风,晴~多云,7℃,2017-03-29,201703
88,29,123.0,轻度污染,3.0,15℃,1-2级,南风,多云,5℃,2017-03-30,201703
89,30,44.0,优,1.0,17℃,1-2级,西南风,晴,5℃,2017-03-31,201703
90,0,60.0,良,2.0,22℃,1-2级,南风,多云,5℃,2017-04-01,201704
91,1,92.0,良,2.0,23℃,微风,无持续风向,多云~晴,6℃,2017-04-02,201704
92,2,158.0,中度污染,4.0,25℃,1-2级,南风,多云~阴,12℃,2017-04-03,201704
93,3,176.0,中度污染,4.0,20℃,3-4级,南风,阴~小雨,12℃,2017-04-04,201704
94,4,83.0,良,2.0,19℃,1-2级,南风,阴~多云,9℃,2017-04-05,201704
95,5,124.0,轻度污染,3.0,25℃,1-2级,南风,多云~阴,10℃,2017-04-06,201704
96,6,106.0,轻度污染,3.0,20℃,1-2级,南风,阴,14℃,2017-04-07,201704
97,7,118.0,轻度污染,3.0,18℃,3-4级,南风,阴~晴,7℃,2017-04-08,201704
98,8,93.0,良,2.0,19℃,1-2级,东南风,多云,8℃,2017-04-09,201704
99,9,91.0,良,2.0,19℃,3-4级,南风,多云,10℃,2017-04-10,201704
100,10,64.0,良,2.0,22℃,3-4级,北风,晴,7℃,2017-04-11,201704
101,11,66.0,良,2.0,25℃,1-2级,南风,晴~多云,9℃,2017-04-12,201704
102,12,93.0,良,2.0,21℃,1-2级,南风,阴,8℃,2017-04-13,201704
103,13,97.0,良,2.0,26℃,1-2级,南风,多云,11℃,2017-04-14,201704
104,14,70.0,良,2.0,29℃,1-2级,南风,晴~多云,14℃,2017-04-15,201704
105,15,130.0,轻度污染,3.0,27℃,3-4级,南风,阴,14℃,2017-04-16,201704
106,16,191.0,中度污染,4.0,27℃,3-4级,北风,多云,12℃,2017-04-17,201704
107,17,63.0,良,2.0,23℃,4-5级,北风,晴~阴,11℃,2017-04-18,201704
108,18,81.0,良,2.0,20℃,1-2级,西北风,阴~多云,11℃,2017-04-19,201704
109,19,75.0,良,2.0,22℃,1-2级,北风,多云,11℃,2017-04-20,201704
110,20,52.0,良,2.0,22℃,1-2级,南风,多云~晴,9℃,2017-04-21,201704
111,21,83.0,良,2.0,27℃,3-4级,南风,多云,13℃,2017-04-22,201704
112,22,60.0,良,2.0,24℃,1-2级,南风,多云,11℃,2017-04-23,201704
113,23,69.0,良,2.0,23℃,3-4级,北风,多云,11℃,2017-04-24,201704
114,24,36.0,优,1.0,19℃,1-2级,南风,多云~晴,8℃,2017-04-25,201704
115,25,41.0,优,1.0,24℃,3-4级,北风,晴,11℃,2017-04-26,201704
116,26,45.0,优,1.0,28℃,4-5级,北风,晴,13℃,2017-04-27,201704
117,27,56.0,良,2.0,30℃,3-4级,北风,晴,14℃,2017-04-28,201704
118,28,76.0,良,2.0,33℃,3-4级,南风,多云,17℃,2017-04-29,201704
119,29,108.0,轻度污染,3.0,29℃,1-2级,南风,晴~多云,13℃,2017-04-30,201704
120,0,87.0,良,2.0,26℃,1-2级,南风,多云,14℃,2017-05-01,201705
121,1,94.0,良,2.0,29℃,3-4级,南风,多云,17℃,2017-05-02,201705
122,2,108.0,轻度污染,3.0,28℃,3-4级,南风,阴,16℃,2017-05-03,201705
123,3,396.0,严重污染,6.0,27℃,3-4级,北风,多云~晴,14℃,2017-05-04,201705
124,4,273.0,重度污染,5.0,21℃,4-5级,北风,扬沙~晴,11℃,2017-05-05,201705
125,5,72.0,良,2.0,29℃,3-4级,北风,晴,12℃,2017-05-06,201705
126,6,62.0,良,2.0,30℃,3-4级,南风,晴~多云,15℃,2017-05-07,201705
127,7,86.0,良,2.0,31℃,3-4级,南风,多云,16℃,2017-05-08,201705
128,8,82.0,良,2.0,29℃,3-4级,南风,晴~阵雨,15℃,2017-05-09,201705
129,9,63.0,良,2.0,29℃,3-4级,南风,晴,15℃,2017-05-10,201705
130,10,90.0,良,2.0,31℃,5-6级,北风,晴~多云,13℃,2017-05-11,201705
131,11,111.0,轻度污染,3.0,29℃,3-4级,西南风,晴~多云,15℃,2017-05-12,201705
132,12,59.0,良,2.0,28℃,4-5级,西北风,多云,15℃,2017-05-13,201705
133,13,41.0,优,1.0,27℃,3-4级,北风,多云,14℃,2017-05-14,201705
134,14,49.0,优,1.0,28℃,1-2级,南风,多云,15℃,2017-05-15,201705
135,15,76.0,良,2.0,32℃,3-4级,南风,多云~晴,17℃,2017-05-16,201705
136,16,102.0,轻度污染,3.0,34℃,1-2级,南风,晴,19℃,2017-05-17,201705
137,17,123.0,轻度污染,3.0,35℃,3-4级,南风,晴,21℃,2017-05-18,201705
138,18,129.0,轻度污染,3.0,36℃,3-4级,西南风,晴,22℃,2017-05-19,201705
139,19,102.0,轻度污染,3.0,34℃,3-4级,南风,晴~多云,20℃,2017-05-20,201705
140,20,86.0,良,2.0,31℃,3-4级,南风,阴~阵雨,18℃,2017-05-21,201705
141,21,57.0,良,2.0,21℃,3-4级,北风,小到中雨~阴,16℃,2017-05-22,201705
142,22,40.0,优,1.0,28℃,1-2级,南风,晴,14℃,2017-05-23,201705
143,23,50.0,优,1.0,33℃,3-4级,西南风,多云~晴,17℃,2017-05-24,201705
144,24,66.0,良,2.0,30℃,3-4级,南风,晴,16℃,2017-05-25,201705
145,25,80.0,良,2.0,31℃,1-2级,南风,晴,17℃,2017-05-26,201705
146,26,98.0,良,2.0,34℃,1-2级,南风,晴,21℃,2017-05-27,201705
147,27,136.0,轻度污染,3.0,36℃,3-4级,北风,多云~阴,22℃,2017-05-28,201705
148,28,70.0,良,2.0,27℃,1-2级,东风,阴~阵雨,18℃,2017-05-29,201705
149,29,65.0,良,2.0,26℃,3-4级,南风,阵雨~晴,16℃,2017-05-30,201705
150,30,106.0,轻度污染,3.0,33℃,1-2级,南风,阴~多云,19℃,2017-05-31,201705
151,0,63.0,良,2.0,30℃,1-2级,南风,晴~阴,17℃,2017-06-01,201706
152,1,58.0,良,2.0,25℃,1-2级,东风,阵雨~多云,13℃,2017-06-02,201706
153,2,54.0,良,2.0,28℃,1-2级,南风,晴,16℃,2017-06-03,201706
154,3,83.0,良,2.0,31℃,3-4级,西南风,多云,19℃,2017-06-04,201706
155,4,98.0,良,2.0,28℃,3-4级,西南风,阴~小雨,15℃,2017-06-05,201706
156,5,56.0,良,2.0,20℃,1-2级,南风,小雨~晴,14℃,2017-06-06,201706
157,6,72.0,良,2.0,31℃,1-2级,南风,晴~多云,18℃,2017-06-07,201706
158,7,51.0,良,2.0,34℃,1-2级,南风,多云~晴,20℃,2017-06-08,201706
159,8,78.0,良,2.0,37℃,3-4级,南风,晴~多云,21℃,2017-06-09,201706
160,9,62.0,良,2.0,30℃,1-2级,东风,阴~多云,17℃,2017-06-10,201706
161,10,72.0,良,2.0,31℃,1-2级,南风,阴~多云,18℃,2017-06-11,201706
162,11,66.0,良,2.0,27℃,1-2级,南风,阴,18℃,2017-06-12,201706
163,12,62.0,良,2.0,29℃,1-2级,南风,多云~晴,17℃,2017-06-13,201706
164,13,69.0,良,2.0,35℃,3-4级,西南风,晴,21℃,2017-06-14,201706
165,14,82.0,良,2.0,38℃,1-2级,南风,晴,24℃,2017-06-15,201706
166,15,100.0,良,2.0,36℃,3-4级,南风,多云~阴,24℃,2017-06-16,201706
167,16,118.0,轻度污染,3.0,35℃,3-4级,南风,阵雨~多云,25℃,2017-06-17,201706
168,17,114.0,轻度污染,3.0,34℃,3-4级,南风,阴~雷阵雨,23℃,2017-06-18,201706
169,18,74.0,良,2.0,31℃,1-2级,南风,雷阵雨~阴,21℃,2017-06-19,201706
170,19,77.0,良,2.0,34℃,1-2级,南风,多云~阴,22℃,2017-06-20,201706
171,20,85.0,良,2.0,32℃,1-2级,南风,阵雨~小到中雨,22℃,2017-06-21,201706
172,21,48.0,优,1.0,23℃,3-4级,南风,大雨,20℃,2017-06-22,201706
173,22,36.0,优,1.0,24℃,1-2级,东风,雷阵雨,19℃,2017-06-23,201706
174,23,35.0,优,1.0,25℃,3-4级,北风,阵雨~阴,18℃,2017-06-24,201706
175,24,54.0,良,2.0,30℃,1-2级,南风,多云,20℃,2017-06-25,201706
176,25,56.0,良,2.0,33℃,1-2级,南风,多云~晴,21℃,2017-06-26,201706
177,26,112.0,轻度污染,3.0,34℃,1-2级,南风,多云~晴,22℃,2017-06-27,201706
178,27,120.0,轻度污染,3.0,34℃,1-2级,南风,多云,23℃,2017-06-28,201706
179,28,103.0,轻度污染,3.0,35℃,1-2级,南风,雷阵雨~多云,24℃,2017-06-29,201706
180,29,108.0,轻度污染,3.0,35℃,1-2级,南风,多云,25℃,2017-06-30,201706
181,0,122.0,轻度污染,3.0,35℃,1-2级,南风,多云,25℃,2017-07-01,201707
182,1,139.0,轻度污染,3.0,35℃,1-2级,南风,多云~晴,24℃,2017-07-02,201707
183,2,83.0,良,2.0,35℃,1-2级,南风,多云~雷阵雨,24℃,2017-07-03,201707
184,3,70.0,良,2.0,31℃,1-2级,南风,雷阵雨,23℃,2017-07-04,201707
185,4,111.0,轻度污染,3.0,30℃,1-2级,南风,多云~雷阵雨,23℃,2017-07-05,201707
186,5,95.0,良,2.0,25℃,1-2级,东风,大雨,23℃,2017-07-06,201707
187,6,54.0,良,2.0,32℃,1-2级,南风,阴~多云,23℃,2017-07-07,201707
188,7,64.0,良,2.0,34℃,1-2级,南风,多云~雷阵雨,25℃,2017-07-08,201707
189,8,114.0,轻度污染,3.0,34℃,1-2级,南风,多云,23℃,2017-07-09,201707
190,9,64.0,良,2.0,36℃,1-2级,西南风,多云,19℃,2017-07-10,201707
191,10,95.0,良,2.0,36℃,1-2级,南风,多云,26℃,2017-07-11,201707
192,11,118.0,轻度污染,3.0,36℃,1-2级,南风,多云,27℃,2017-07-12,201707
193,12,94.0,良,2.0,36℃,1-2级,南风,多云~雷阵雨,25℃,2017-07-13,201707
194,13,60.0,良,2.0,32℃,1-2级,东风,雷阵雨~阴,24℃,2017-07-14,201707
195,14,55.0,良,2.0,33℃,1-2级,东风,阴,25℃,2017-07-15,201707
196,15,95.0,良,2.0,34℃,1-2级,南风,多云~晴,25℃,2017-07-16,201707
197,16,76.0,良,2.0,34℃,1-2级,南风,晴~多云,25℃,2017-07-17,201707
198,17,88.0,良,2.0,33℃,1-2级,南风,阵雨,25℃,2017-07-18,201707
199,18,98.0,良,2.0,31℃,1-2级,南风,阴~多云,25℃,2017-07-19,201707
200,19,123.0,轻度污染,3.0,33℃,1-2级,南风,雷阵雨~中到大雨,25℃,2017-07-20,201707
201,20,44.0,优,1.0,27℃,1-2级,东风,小雨~阵雨,23℃,2017-07-21,201707
202,21,37.0,优,1.0,28℃,1-2级,南风,阴,24℃,2017-07-22,201707
203,22,59.0,良,2.0,28℃,1-2级,南风,阵雨,24℃,2017-07-23,201707
204,23,63.0,良,2.0,29℃,1-2级,北风,阵雨,23℃,2017-07-24,201707
205,24,52.0,良,2.0,29℃,1-2级,南风,阵雨~阴,22℃,2017-07-25,201707
206,25,39.0,优,1.0,24℃,1-2级,北风,中雨~阵雨,20℃,2017-07-26,201707
207,26,58.0,良,2.0,28℃,1-2级,南风,阴~多云,23℃,2017-07-27,201707
208,27,52.0,良,2.0,30℃,1-2级,南风,多云~阴,22℃,2017-07-28,201707
209,28,56.0,良,2.0,30℃,1-2级,南风,多云,22℃,2017-07-29,201707
210,29,70.0,良,2.0,31℃,1-2级,南风,多云~晴,21℃,2017-07-30,201707
211,30,110.0,轻度污染,3.0,31℃,1-2级,南风,晴~多云,23℃,2017-07-31,201707
212,0,94.0,良,2.0,30℃,1-2级,南风,阴~雷阵雨,24℃,2017-08-01,201708
213,1,52.0,良,2.0,28℃,1-2级,东风,中雨~小到中雨,24℃,2017-08-02,201708
214,2,38.0,优,1.0,33℃,1-2级,南风,阴~晴,24℃,2017-08-03,201708
215,3,55.0,良,2.0,36℃,1-2级,南风,晴~多云,25℃,2017-08-04,201708
216,4,63.0,良,2.0,32℃,1-2级,北风,雷阵雨,23℃,2017-08-05,201708
217,5,42.0,优,1.0,34℃,1-2级,南风,多云~晴,24℃,2017-08-06,201708
218,6,40.0,优,1.0,35℃,1-2级,南风,多云~晴,24℃,2017-08-07,201708
219,7,74.0,良,2.0,33℃,1-2级,东风,阴~雷阵雨,22℃,2017-08-08,201708
220,8,44.0,优,1.0,30℃,1-2级,南风,雷阵雨~晴,23℃,2017-08-09,201708
221,9,85.0,良,2.0,32℃,1-2级,南风,多云,24℃,2017-08-10,201708
222,10,122.0,轻度污染,3.0,33℃,3-4级,东北风,雷阵雨~中雨,23℃,2017-08-11,201708
223,11,45.0,优,1.0,31℃,1-2级,东风,雷阵雨,22℃,2017-08-12,201708
224,12,60.0,良,2.0,29℃,1-2级,南风,雷阵雨,23℃,2017-08-13,201708
225,13,46.0,优,1.0,30℃,1-2级,东南风,多云,23℃,2017-08-14,201708
226,14,74.0,良,2.0,30℃,1-2级,西南风,阴~雷阵雨,23℃,2017-08-15,201708
227,15,82.0,良,2.0,28℃,1-2级,东风,雷阵雨~阴,22℃,2017-08-16,201708
228,16,44.0,优,1.0,29℃,1-2级,东北风,阴,22℃,2017-08-17,201708
229,17,73.0,良,2.0,29℃,1-2级,东南风,多云~雷阵雨,22℃,2017-08-18,201708
230,18,62.0,良,2.0,29℃,1-2级,东风,雷阵雨~多云,22℃,2017-08-19,201708
231,19,82.0,良,2.0,30℃,1-2级,西南风,多云,23℃,2017-08-20,201708
232,20,98.0,良,2.0,32℃,1-2级,南风,多云~雷阵雨,24℃,2017-08-21,201708
233,21,99.0,良,2.0,28℃,1-2级,北风,雷阵雨~中到大雨,22℃,2017-08-22,201708
234,22,49.0,优,1.0,31℃,1-2级,东北风,阴~多云,22℃,2017-08-23,201708
235,23,37.0,优,1.0,33℃,1-2级,北风,晴~多云,20℃,2017-08-24,201708
236,24,36.0,优,1.0,32℃,1-2级,西风,晴,19℃,2017-08-25,201708
237,25,49.0,优,1.0,28℃,1-2级,西南风,晴~阵雨,19℃,2017-08-26,201708
238,26,33.0,优,1.0,22℃,1-2级,北风,中雨~阵雨,18℃,2017-08-27,201708
239,27,35.0,优,1.0,28℃,1-2级,东北风,多云~晴,17℃,2017-08-28,201708
240,28,42.0,优,1.0,25℃,1-2级,西南风,晴,16℃,2017-08-29,201708
241,29,76.0,良,2.0,27℃,1-2级,西南风,多云,19℃,2017-08-30,201708
242,30,103.0,轻度污染,3.0,27℃,1-2级,南风,阴,19℃,2017-08-31,201708
243,0,175.0,中度污染,4.0,27℃,1-2级,西南风,多云~阴,19℃,2017-09-01,201709
244,1,151.0,中度污染,4.0,26℃,1-2级,南风,阴,19℃,2017-09-02,201709
245,2,76.0,良,2.0,28℃,1-2级,南风,多云,19℃,2017-09-03,201709
246,3,118.0,轻度污染,3.0,28℃,1-2级,西南风,阴,20℃,2017-09-04,201709
247,4,67.0,良,2.0,30℃,1-2级,北风,阴~多云,19℃,2017-09-05,201709
248,5,43.0,优,1.0,31℃,1-2级,北风,晴,18℃,2017-09-06,201709
249,6,79.0,良,2.0,31℃,1-2级,南风,晴,19℃,2017-09-07,201709
250,7,137.0,轻度污染,3.0,30℃,1-2级,东风,多云,20℃,2017-09-08,201709
251,8,127.0,轻度污染,3.0,30℃,1-2级,东南风,阴,21℃,2017-09-09,201709
252,9,121.0,轻度污染,3.0,28℃,1-2级,西北风,阵雨~晴,19℃,2017-09-10,201709
253,10,43.0,优,1.0,29℃,1-2级,北风,晴,16℃,2017-09-11,201709
254,11,49.0,优,1.0,29℃,1-2级,南风,晴~多云,19℃,2017-09-12,201709
255,12,100.0,良,2.0,28℃,1-2级,东风,多云,19℃,2017-09-13,201709
256,13,125.0,轻度污染,3.0,28℃,1-2级,南风,阴,20℃,2017-09-14,201709
257,14,86.0,良,2.0,28℃,1-2级,南风,阴,18℃,2017-09-15,201709
258,15,117.0,轻度污染,3.0,28℃,1-2级,西南风,阵雨~多云,18℃,2017-09-16,201709
259,16,39.0,优,1.0,29℃,1-2级,南风,晴,16℃,2017-09-17,201709
260,17,58.0,良,2.0,30℃,1-2级,西南风,晴,18℃,2017-09-18,201709
261,18,46.0,优,1.0,29℃,3-4级,西北风,晴~多云,15℃,2017-09-19,201709
262,19,46.0,优,1.0,27℃,1-2级,南风,晴,14℃,2017-09-20,201709
263,20,88.0,良,2.0,29℃,1-2级,西南风,阵雨,17℃,2017-09-21,201709
264,21,69.0,良,2.0,28℃,3-4级,西北风,晴,14℃,2017-09-22,201709
265,22,116.0,轻度污染,3.0,28℃,1-2级,南风,多云~阴,17℃,2017-09-23,201709
266,23,104.0,轻度污染,3.0,29℃,1-2级,东北风,多云~阵雨,18℃,2017-09-24,201709
267,24,107.0,轻度污染,3.0,28℃,1-2级,西南风,阴,18℃,2017-09-25,201709
268,25,77.0,良,2.0,23℃,3-4级,北风,小雨~阴,13℃,2017-09-26,201709
269,26,51.0,良,2.0,23℃,1-2级,南风,多云~晴,10℃,2017-09-27,201709
270,27,34.0,优,1.0,22℃,1-2级,西南风,晴~多云,11℃,2017-09-28,201709
271,28,71.0,良,2.0,25℃,1-2级,北风,晴,11℃,2017-09-29,201709
272,29,139.0,轻度污染,3.0,27℃,1-2级,南风,多云,16℃,2017-09-30,201709
273,0,116.0,轻度污染,3.0,26℃,3-4级,北风,多云~阴,13℃,2017-10-01,201710
274,1,40.0,优,1.0,18℃,1-2级,东北风,小雨~阴,9℃,2017-10-02,201710
275,2,33.0,优,1.0,20℃,1-2级,西南风,多云~晴,9℃,2017-10-03,201710
276,3,53.0,良,2.0,22℃,3-4级,西南风,晴,10℃,2017-10-04,201710
277,4,75.0,良,2.0,21℃,1-2级,南风,多云,11℃,2017-10-05,201710
278,5,92.0,良,2.0,22℃,1-2级,南风,多云~阴,13℃,2017-10-06,201710
279,6,143.0,轻度污染,3.0,20℃,1-2级,东北风,小雨~阴,13℃,2017-10-07,201710
280,7,172.0,中度污染,4.0,18℃,1-2级,东北风,小雨,13℃,2017-10-08,201710
281,8,49.0,优,1.0,15℃,3-4级,北风,中雨~小到中雨,9℃,2017-10-09,201710
282,9,15.0,优,1.0,11℃,1-2级,北风,小雨~阴,6℃,2017-10-10,201710
283,10,22.0,优,1.0,16℃,1-2级,西风,多云~阴,6℃,2017-10-11,201710
284,11,35.0,优,1.0,18℃,1-2级,西南风,小雨~晴,9℃,2017-10-12,201710
285,12,55.0,良,2.0,18℃,1-2级,西南风,晴~多云,9℃,2017-10-13,201710
286,13,36.0,优,1.0,13℃,1-2级,东北风,小雨,9℃,2017-10-14,201710
287,14,63.0,良,2.0,16℃,1-2级,北风,阴~多云,8℃,2017-10-15,201710
288,15,57.0,良,2.0,18℃,1-2级,东北风,晴~多云,7℃,2017-10-16,201710
289,16,93.0,良,2.0,16℃,1-2级,南风,阴~小雨,11℃,2017-10-17,201710
290,17,91.0,良,2.0,15℃,1-2级,南风,小雨~多云,9℃,2017-10-18,201710
291,18,75.0,良,2.0,18℃,1-2级,南风,晴~多云,9℃,2017-10-19,201710
292,19,123.0,轻度污染,3.0,20℃,1-2级,东北风,晴~多云,11℃,2017-10-20,201710
293,20,107.0,轻度污染,3.0,18℃,1-2级,东风,阴~小雨,10℃,2017-10-21,201710
294,21,54.0,良,2.0,13℃,1-2级,西北风,阴~多云,7℃,2017-10-22,201710
295,22,51.0,良,2.0,16℃,1-2级,南风,多云~晴,5℃,2017-10-23,201710
296,23,88.0,良,2.0,18℃,1-2级,西南风,晴~多云,8℃,2017-10-24,201710
297,24,140.0,轻度污染,3.0,15℃,1-2级,南风,阴,9℃,2017-10-25,201710
298,25,193.0,中度污染,4.0,17℃,1-2级,北风,阴~多云,9℃,2017-10-26,201710
299,26,211.0,重度污染,5.0,18℃,1-2级,南风,多云~雾,9℃,2017-10-27,201710
300,27,85.0,良,2.0,16℃,3-4级,北风,多云~晴,5℃,2017-10-28,201710
301,28,24.0,优,1.0,12℃,3-4级,北风,晴,1℃,2017-10-29,201710
302,29,39.0,优,1.0,14℃,1-2级,西北风,晴,2℃,2017-10-30,201710
303,30,80.0,良,2.0,16℃,1-2级,西南风,晴,4℃,2017-10-31,201710
304,0,92.0,良,2.0,17℃,1-2级,东北风,晴~阴,5℃,2017-11-01,201711
305,1,79.0,良,2.0,17℃,1-2级,北风,阴~晴,3℃,2017-11-02,201711
306,2,29.0,优,1.0,13℃,3-4级,北风,晴,0℃,2017-11-03,201711
307,3,53.0,良,2.0,14℃,1-2级,西南风,晴,3℃,2017-11-04,201711
308,4,128.0,轻度污染,3.0,15℃,1-2级,南风,晴~多云,4℃,2017-11-05,201711
309,5,198.0,中度污染,4.0,15℃,1-2级,南风,多云,4℃,2017-11-06,201711
310,6,137.0,轻度污染,3.0,18℃,3-4级,西北风,晴,4℃,2017-11-07,201711
311,7,40.0,优,1.0,13℃,1-2级,南风,多云~阴,4℃,2017-11-08,201711
312,8,74.0,良,2.0,13℃,1-2级,西北风,阴~多云,5℃,2017-11-09,201711
313,9,42.0,优,1.0,11℃,5-6级,西北风,晴,-1℃,2017-11-10,201711
314,10,33.0,优,1.0,10℃,1-2级,南风,晴~多云,0℃,2017-11-11,201711
315,11,75.0,良,2.0,11℃,1-2级,西南风,多云~晴,0℃,2017-11-12,201711
316,12,67.0,良,2.0,12℃,4-5级,北风,晴,0℃,2017-11-13,201711
317,13,27.0,优,1.0,8℃,1-2级,西风,晴,-4℃,2017-11-14,201711
318,14,37.0,优,1.0,7℃,1-2级,南风,晴,-3℃,2017-11-15,201711
319,15,76.0,良,2.0,7℃,1-2级,南风,晴,-1℃,2017-11-16,201711
320,16,60.0,良,2.0,6℃,5-6级,北风,多云~晴,-4℃,2017-11-17,201711
321,17,50.0,优,1.0,5℃,3-4级,西南风,晴,-6℃,2017-11-18,201711
322,18,115.0,轻度污染,3.0,7℃,1-2级,西南风,多云,-5℃,2017-11-19,201711
323,19,135.0,轻度污染,3.0,9℃,1-2级,西北风,晴~多云,-3℃,2017-11-20,201711
324,20,171.0,中度污染,4.0,8℃,3-4级,西南风,多云~晴,-2℃,2017-11-21,201711
325,21,36.0,优,1.0,7℃,3-4级,西北风,多云~晴,-5℃,2017-11-22,201711
326,22,30.0,优,1.0,7℃,1-2级,西风,多云,-4℃,2017-11-23,201711
327,23,37.0,优,1.0,7℃,3-4级,西南风,多云,-5℃,2017-11-24,201711
328,24,65.0,良,2.0,7℃,1-2级,南风,阴~多云,-4℃,2017-11-25,201711
329,25,29.0,优,1.0,4℃,1-2级,东南风,晴,-4℃,2017-11-26,201711
330,26,90.0,良,2.0,7℃,1-2级,南风,多云,-3℃,2017-11-27,201711
331,27,78.0,良,2.0,7℃,1-2级,西北风,晴~多云,-5℃,2017-11-28,201711
332,28,32.0,优,1.0,1℃,1-2级,南风,多云,-6℃,2017-11-29,201711
333,29,43.0,优,1.0,4℃,3-4级,西南风,晴,-5℃,2017-11-30,201711
334,0,91.0,良,2.0,5℃,1-2级,西南风,晴,-5℃,2017-12-01,201712
335,1,184.0,中度污染,4.0,6℃,1-2级,西南风,晴~多云,-4℃,2017-12-02,201712
336,2,88.0,良,2.0,5℃,3-4级,北风,多云~晴,-5℃,2017-12-03,201712
337,3,26.0,优,1.0,4℃,3-4级,西北风,多云,-6℃,2017-12-04,201712
338,4,43.0,优,1.0,7℃,1-2级,西南风,晴,-4℃,2017-12-05,201712
339,5,51.0,良,2.0,8℃,1-2级,西北风,多云,-4℃,2017-12-06,201712
340,6,27.0,优,1.0,5℃,3-4级,西北风,多云~晴,-5℃,2017-12-07,201712
341,7,40.0,优,1.0,6℃,1-2级,西南风,晴,-4℃,2017-12-08,201712
342,8,57.0,良,2.0,6℃,1-2级,西南风,多云~晴,-4℃,2017-12-09,201712
343,9,43.0,优,1.0,4℃,4-5级,西北风,晴~多云,-5℃,2017-12-10,201712
344,10,24.0,优,1.0,1℃,3-4级,东北风,多云~晴,-8℃,2017-12-11,201712
345,11,26.0,优,1.0,-1℃,1-2级,东北风,多云,-8℃,2017-12-12,201712
346,12,50.0,优,1.0,0℃,1-2级,东风,晴~多云,-5℃,2017-12-13,201712
347,13,91.0,良,2.0,0℃,1-2级,南风,阴~多云,-4℃,2017-12-14,201712
348,14,67.0,良,2.0,4℃,微风,无持续风向,多云~晴,-6℃,2017-12-15,201712
349,15,39.0,优,1.0,0℃,3-4级,西北风,晴,-8℃,2017-12-16,201712
350,16,47.0,优,1.0,5℃,1-2级,西南风,晴,-5℃,2017-12-17,201712
351,17,49.0,优,1.0,6℃,3-4级,西北风,晴,-6℃,2017-12-18,201712
352,18,55.0,良,2.0,4℃,1-2级,西南风,多云~阴,-4℃,2017-12-19,201712
353,19,45.0,优,1.0,6℃,1-2级,北风,多云~晴,-5℃,2017-12-20,201712
354,20,69.0,良,2.0,7℃,1-2级,西南风,晴,-6℃,2017-12-21,201712
355,21,68.0,良,2.0,9℃,1-2级,北风,多云,-6℃,2017-12-22,201712
356,22,51.0,良,2.0,6℃,1-2级,西南风,晴~多云,-3℃,2017-12-23,201712
357,23,50.0,优,1.0,5℃,3-4级,西北风,晴,-7℃,2017-12-24,201712
358,24,44.0,优,1.0,5℃,1-2级,南风,晴,-4℃,2017-12-25,201712
359,25,42.0,优,1.0,3℃,1-2级,南风,晴~多云,-6℃,2017-12-26,201712
360,26,98.0,良,2.0,4℃,1-2级,北风,多云~晴,-5℃,2017-12-27,201712
361,27,138.0,轻度污染,3.0,5℃,1-2级,北风,晴,-4℃,2017-12-28,201712
362,28,215.0,重度污染,5.0,4℃,1-2级,东风,多云,-3℃,2017-12-29,201712
363,29,162.0,中度污染,4.0,6℃,3-4级,北风,晴,-6℃,2017-12-30,201712
364,30,54.0,良,2.0,4℃,1-2级,南风,晴,-6℃,2017-12-31,201712
365,0,59.0,良,2.0,3℃,1-2级,东北风,晴~多云,-6℃,2018-01-01,201801
366,1,49.0,优,1.0,2℃,1-2级,东北风,阴~多云,-5℃,2018-01-02,201801
367,2,28.0,优,1.0,2℃,1-2级,北风,多云,-5℃,2018-01-03,201801
368,3,28.0,优,1.0,0℃,1-2级,东北风,阴,-8℃,2018-01-04,201801
369,4,50.0,优,1.0,3℃,1-2级,西北风,多云~晴,-6℃,2018-01-05,201801
370,5,32.0,优,1.0,2℃,1-2级,西南风,多云~阴,-5℃,2018-01-06,201801
371,6,59.0,良,2.0,2℃,1-2级,西南风,阴~多云,-4℃,2018-01-07,201801
372,7,50.0,优,1.0,2℃,4-5级,西北风,晴,-6℃,2018-01-08,201801
373,8,34.0,优,1.0,1℃,3-4级,西北风,晴,-8℃,2018-01-09,201801
374,9,26.0,优,1.0,-2℃,1-2级,西北风,晴,-10℃,2018-01-10,201801
375,10,24.0,优,1.0,-1℃,1-2级,北风,晴,-10℃,2018-01-11,201801
376,11,75.0,良,2.0,2℃,1-2级,西南风,晴,-8℃,2018-01-12,201801
377,12,126.0,轻度污染,3.0,3℃,1-2级,南风,多云,-7℃,2018-01-13,201801
378,13,187.0,中度污染,4.0,6℃,1-2级,西北风,晴~多云,-5℃,2018-01-14,201801
379,14,47.0,优,1.0,2℃,1-2级,东南风,阴,-5℃,2018-01-15,201801
380,15,112.0,轻度污染,3.0,4℃,1-2级,南风,多云,-5℃,2018-01-16,201801
381,16,82.0,良,2.0,6℃,1-2级,西北风,多云~晴,-7℃,2018-01-17,201801
382,17,80.0,良,2.0,5℃,1-2级,西南风,晴,-6℃,2018-01-18,201801
383,18,115.0,轻度污染,3.0,7℃,1-2级,南风,晴,-4℃,2018-01-19,201801
384,19,64.0,良,2.0,3℃,1-2级,东风,晴~多云,-6℃,2018-01-20,201801
385,20,63.0,良,2.0,0℃,1-2级,东北风,阴~小雪,-5℃,2018-01-21,201801
386,21,47.0,优,1.0,-3℃,1-2级,东风,小雪~多云,-10℃,2018-01-22,201801
387,22,31.0,优,1.0,-4℃,3-4级,西北风,晴,-12℃,2018-01-23,201801
388,23,34.0,优,1.0,-4℃,1-2级,西南风,晴,-11℃,2018-01-24,201801
389,24,27.0,优,1.0,-3℃,1-2级,东北风,多云,-11℃,2018-01-25,201801
390,25,39.0,优,1.0,-3℃,1-2级,南风,晴~多云,-10℃,2018-01-26,201801
391,26,105.0,轻度污染,3.0,-1℃,1-2级,南风,多云,-9℃,2018-01-27,201801
392,27,55.0,良,2.0,-1℃,3-4级,西北风,晴,-9℃,2018-01-28,201801
393,28,57.0,良,2.0,1℃,1-2级,西北风,晴,-8℃,2018-01-29,201801
394,29,36.0,优,1.0,4℃,1-2级,西北风,晴,-7℃,2018-01-30,201801
395,30,60.0,良,2.0,3℃,1-2级,西南风,晴,-8℃,2018-01-31,201801
396,0,68.0,良,2.0,4℃,1-2级,北风,多云,-7℃,2018-02-01,201802
397,1,32.0,优,1.0,-1℃,3-4级,北风,晴,-9℃,2018-02-02,201802
398,2,24.0,优,1.0,0℃,1-2级,北风,多云,-9℃,2018-02-03,201802
399,3,36.0,优,1.0,1℃,1-2级,西南风,晴,-8℃,2018-02-04,201802
400,4,24.0,优,1.0,0℃,3-4级,北风,晴,-10℃,2018-02-05,201802
401,5,56.0,良,2.0,3℃,1-2级,西南风,多云~阴,-7℃,2018-02-06,201802
402,6,63.0,良,2.0,2℃,4-5级,北风,多云~晴,-10℃,2018-02-07,201802
403,7,67.0,良,2.0,3℃,3-4级,南风,多云,-7℃,2018-02-08,201802
404,8,93.0,良,2.0,4℃,4-5级,西北风,多云,-9℃,2018-02-09,201802
405,9,39.0,优,1.0,1℃,3-4级,西北风,晴,-9℃,2018-02-10,201802
406,10,62.0,良,2.0,0℃,4-5级,西北风,晴,-9℃,2018-02-11,201802
407,11,53.0,良,2.0,5℃,1-2级,西北风,晴,-7℃,2018-02-12,201802
408,12,78.0,良,2.0,8℃,1-2级,西风,晴~多云,-4℃,2018-02-13,201802
409,13,42.0,优,1.0,6℃,1-2级,北风,多云,-6℃,2018-02-14,201802
410,14,48.0,优,1.0,5℃,1-2级,西南风,多云,-5℃,2018-02-15,201802
411,15,118.0,轻度污染,3.0,8℃,1-2级,西南风,晴~多云,-5℃,2018-02-16,201802
412,16,103.0,轻度污染,3.0,5℃,1-2级,南风,多云~阴,-4℃,2018-02-17,201802
413,17,148.0,轻度污染,3.0,8℃,1-2级,南风,多云,-3℃,2018-02-18,201802
414,18,183.0,中度污染,4.0,6℃,1-2级,南风,多云,-3℃,2018-02-19,201802
415,19,76.0,良,2.0,5℃,1-2级,北风,晴,-5℃,2018-02-20,201802
416,20,53.0,良,2.0,8℃,1-2级,南风,晴,-4℃,2018-02-21,201802
417,21,42.0,优,1.0,9℃,1-2级,西南风,多云,-4℃,2018-02-22,201802
418,22,45.0,优,1.0,10℃,1-2级,东北风,多云,-4℃,2018-02-23,201802
419,23,66.0,良,2.0,3℃,1-2级,南风,多云~晴,-6℃,2018-02-24,201802
420,24,73.0,良,2.0,6℃,1-2级,西南风,多云,-4℃,2018-02-25,201802
421,25,157.0,中度污染,4.0,12℃,1-2级,西南风,晴~多云,-1℃,2018-02-26,201802
422,26,220.0,重度污染,5.0,7℃,1-2级,东风,阴,0℃,2018-02-27,201802
423,27,139.0,轻度污染,3.0,9℃,3-4级,西南风,多云~晴,-2℃,2018-02-28,201802
424,0,46.0,优,1.0,8℃,1-2级,西南风,多云,-3℃,2018-03-01,201803
425,1,95.0,良,2.0,9℃,1-2级,北风,晴~多云,-1℃,2018-03-02,201803
426,2,214.0,重度污染,5.0,13℃,1-2级,北风,多云~阴,3℃,2018-03-03,201803
427,3,144.0,轻度污染,3.0,7℃,1-2级,东南风,阴~多云,-2℃,2018-03-04,201803
428,4,94.0,良,2.0,8℃,1-2级,南风,晴,-3℃,2018-03-05,201803
429,5,67.0,良,2.0,6℃,3-4级,东南风,多云~阴,-3℃,2018-03-06,201803
430,6,65.0,良,2.0,6℃,1-2级,北风,阴~多云,-2℃,2018-03-07,201803
431,7,62.0,良,2.0,8℃,1-2级,东北风,晴,-4℃,2018-03-08,201803
432,8,132.0,轻度污染,3.0,10℃,1-2级,西南风,多云,-2℃,2018-03-09,201803
433,9,171.0,中度污染,4.0,14℃,1-2级,东南风,晴,-2℃,2018-03-10,201803
434,10,81.0,良,2.0,11℃,1-2级,南风,多云,0℃,2018-03-11,201803
435,11,174.0,中度污染,4.0,15℃,1-2级,南风,多云~晴,3℃,2018-03-12,201803
436,12,287.0,重度污染,5.0,17℃,1-2级,南风,晴~多云,5℃,2018-03-13,201803
437,13,293.0,重度污染,5.0,15℃,1-2级,东北风,多云~阴,6℃,2018-03-14,201803
438,14,70.0,良,2.0,12℃,3-4级,东北风,多云~晴,-1℃,2018-03-15,201803
439,15,58.0,良,2.0,10℃,1-2级,南风,多云,-1℃,2018-03-16,201803
440,16,81.0,良,2.0,4℃,1-2级,南风,小雨~阴,0℃,2018-03-17,201803
441,17,134.0,轻度污染,3.0,13℃,1-2级,西南风,多云~晴,1℃,2018-03-18,201803
442,18,107.0,轻度污染,3.0,13℃,1-2级,东风,多云,2℃,2018-03-19,201803
443,19,41.0,优,1.0,10℃,1-2级,南风,多云,-2℃,2018-03-20,201803
444,20,76.0,良,2.0,11℃,1-2级,西南风,多云,1℃,2018-03-21,201803
445,21,112.0,轻度污染,3.0,17℃,1-2级,西南风,晴~多云,4℃,2018-03-22,201803
446,22,146.0,轻度污染,3.0,18℃,1-2级,北风,多云,5℃,2018-03-23,201803
447,23,119.0,轻度污染,3.0,22℃,1-2级,西南风,晴,5℃,2018-03-24,201803
448,24,78.0,良,2.0,24℃,1-2级,南风,晴,7℃,2018-03-25,201803
449,25,151.0,中度污染,4.0,25℃,1-2级,西南风,多云,7℃,2018-03-26,201803
450,26,243.0,重度污染,5.0,27℃,1-2级,南风,晴,11℃,2018-03-27,201803
451,27,387.0,严重污染,6.0,25℃,1-2级,东风,多云~晴,9℃,2018-03-28,201803
452,28,119.0,轻度污染,3.0,19℃,1-2级,南风,晴,7℃,2018-03-29,201803
453,29,68.0,良,2.0,18℃,1-2级,南风,多云,8℃,2018-03-30,201803
454,30,125.0,轻度污染,3.0,23℃,1-2级,南风,多云~晴,9℃,2018-03-31,201803
455,0,218.0,重度污染,5.0,25℃,1-2级,南风,晴~多云,11℃,2018-04-01,201804
456,1,287.0,重度污染,5.0,26℃,1-2级,北风,多云,11℃,2018-04-02,201804
457,2,80.0,良,2.0,14℃,3-4级,东北风,多云~阴,6℃,2018-04-03,201804
458,3,35.0,优,1.0,10℃,1-2级,东北风,小雨~雨夹雪,1℃,2018-04-04,201804
459,4,73.0,良,2.0,10℃,1-2级,西南风,多云,3℃,2018-04-05,201804
460,5,86.0,良,2.0,11℃,4-5级,北风,多云~晴,4℃,2018-04-06,201804
461,6,42.0,优,1.0,12℃,3-4级,西北风,多云~晴,2℃,2018-04-07,201804
462,7,68.0,良,2.0,18℃,1-2级,西南风,晴,5℃,2018-04-08,201804
463,8,111.0,轻度污染,3.0,20℃,1-2级,南风,晴~多云,7℃,2018-04-09,201804
464,9,101.0,轻度污染,3.0,24℃,4-5级,西北风,多云~晴,8℃,2018-04-10,201804
465,10,48.0,优,1.0,23℃,3-4级,西南风,晴,9℃,2018-04-11,201804
466,11,79.0,良,2.0,22℃,1-2级,东南风,多云~小雨,7℃,2018-04-12,201804
467,12,64.0,良,2.0,11℃,1-2级,东南风,小雨~多云,6℃,2018-04-13,201804
468,13,122.0,轻度污染,3.0,19℃,4-5级,北风,多云~晴,5℃,2018-04-14,201804
469,14,72.0,良,2.0,21℃,1-2级,西南风,晴,8℃,2018-04-15,201804
470,15,103.0,轻度污染,3.0,23℃,1-2级,南风,晴~多云,12℃,2018-04-16,201804
471,16,145.0,轻度污染,3.0,25℃,1-2级,南风,多云~晴,12℃,2018-04-17,201804
472,17,147.0,轻度污染,3.0,27℃,3-4级,西南风,多云~晴,14℃,2018-04-18,201804
473,18,170.0,中度污染,4.0,26℃,4-5级,东南风,多云,13℃,2018-04-19,201804
474,19,164.0,中度污染,4.0,28℃,4-5级,南风,多云~小雨,14℃,2018-04-20,201804
475,20,105.0,轻度污染,3.0,16℃,3-4级,东北风,大雨~小雨,12℃,2018-04-21,201804
476,21,27.0,优,1.0,16℃,3-4级,东北风,阴~多云,12℃,2018-04-22,201804
477,22,34.0,优,1.0,19℃,3-4级,东北风,多云,9℃,2018-04-23,201804
478,23,41.0,优,1.0,23℃,3-4级,北风,晴,10℃,2018-04-24,201804
479,24,55.0,良,2.0,25℃,3-4级,西南风,晴,11℃,2018-04-25,201804
480,25,117.0,轻度污染,3.0,26℃,1-2级,西北风,多云~晴,12℃,2018-04-26,201804
481,26,112.0,轻度污染,3.0,25℃,3-4级,西南风,晴,13℃,2018-04-27,201804
482,27,125.0,轻度污染,3.0,27℃,3-4级,西南风,晴,17℃,2018-04-28,201804
483,28,193.0,中度污染,4.0,30℃,3-4级,南风,多云,16℃,2018-04-29,201804
484,29,62.0,良,2.0,24℃,3-4级,南风,多云,14℃,2018-04-30,201804
485,0,121.0,轻度污染,3.0,25℃,3-4级,东北风,阴,13℃,2018-05-01,201805
486,1,44.0,优,1.0,25℃,3-4级,北风,多云~晴,13℃,2018-05-02,201805
487,2,48.0,优,1.0,24℃,1-2级,北风,晴,12℃,2018-05-03,201805
488,3,86.0,良,2.0,27℃,1-2级,西南风,晴~多云,16℃,2018-05-04,201805
489,4,177.0,中度污染,4.0,25℃,3-4级,北风,多云,13℃,2018-05-05,201805
490,5,126.0,轻度污染,3.0,28℃,1-2级,西南风,晴,14℃,2018-05-06,201805
491,6,100.0,良,2.0,28℃,3-4级,南风,晴,13℃,2018-05-07,201805
492,7,64.0,良,2.0,27℃,3-4级,东南风,晴,13℃,2018-05-08,201805
493,8,79.0,良,2.0,29℃,3-4级,西南风,晴~多云,17℃,2018-05-09,201805
494,9,118.0,轻度污染,3.0,26℃,3-4级,南风,多云,18℃,2018-05-10,201805
495,10,106.0,轻度污染,3.0,24℃,1-2级,东风,阴~多云,15℃,2018-05-11,201805
496,11,186.0,中度污染,4.0,28℃,3-4级,东南风,小雨,16℃,2018-05-12,201805
497,12,68.0,良,2.0,30℃,1-2级,南风,晴,17℃,2018-05-13,201805
498,13,158.0,中度污染,4.0,34℃,3-4级,南风,晴~多云,22℃,2018-05-14,201805
499,14,93.0,良,2.0,31℃,1-2级,南风,小雨,22℃,2018-05-15,201805
500,15,142.0,轻度污染,3.0,29℃,1-2级,东风,多云~小雨,21℃,2018-05-16,201805
501,16,70.0,良,2.0,25℃,1-2级,北风,小雨~多云,19℃,2018-05-17,201805
502,17,49.0,优,1.0,28℃,1-2级,南风,多云~晴,16℃,2018-05-18,201805
503,18,69.0,良,2.0,27℃,1-2级,南风,多云~小雨,16℃,2018-05-19,201805
504,19,54.0,良,2.0,21℃,1-2级,东风,阴~小雨,16℃,2018-05-20,201805
505,20,84.0,良,2.0,18℃,1-2级,东南风,小雨,14℃,2018-05-21,201805
506,21,103.0,轻度污染,3.0,25℃,4-5级,西风,多云~晴,10℃,2018-05-22,201805
507,22,153.0,中度污染,4.0,29℃,3-4级,西南风,晴,15℃,2018-05-23,201805
508,23,99.0,良,2.0,31℃,3-4级,南风,晴,17℃,2018-05-24,201805
509,24,98.0,良,2.0,31℃,1-2级,西南风,多云,19℃,2018-05-25,201805
510,25,143.0,轻度污染,3.0,30℃,3-4级,西南风,小雨~多云,17℃,2018-05-26,201805
511,26,89.0,良,2.0,32℃,3-4级,西南风,多云,17℃,2018-05-27,201805
512,27,178.0,中度污染,4.0,30℃,4-5级,西北风,晴,16℃,2018-05-28,201805
513,28,41.0,优,1.0,31℃,1-2级,西北风,多云,16℃,2018-05-29,201805
514,29,46.0,优,1.0,33℃,1-2级,西风,晴,18℃,2018-05-30,201805
515,30,79.0,良,2.0,35℃,1-2级,南风,晴,19℃,2018-05-31,201805
516,0,72.0,良,2.0,36℃,3-4级,西南风,晴,21℃,2018-06-01,201806
517,1,98.0,良,2.0,35℃,3-4级,南风,多云,21℃,2018-06-02,201806
518,2,92.0,良,2.0,32℃,1-2级,北风,多云,19℃,2018-06-03,201806
519,3,69.0,良,2.0,35℃,3-4级,西南风,晴,20℃,2018-06-04,201806
520,4,94.0,良,2.0,38℃,4-5级,西南风,多云,25℃,2018-06-05,201806
521,5,102.0,轻度污染,3.0,36℃,1-2级,东风,多云,25℃,2018-06-06,201806
522,6,60.0,良,2.0,33℃,1-2级,西南风,多云,22℃,2018-06-07,201806
523,7,43.0,优,1.0,32℃,1-2级,西南风,多云~雷阵雨,19℃,2018-06-08,201806
524,8,45.0,优,1.0,23℃,1-2级,北风,小雨,17℃,2018-06-09,201806
525,9,51.0,良,2.0,27℃,1-2级,东南风,多云,17℃,2018-06-10,201806
526,10,85.0,良,2.0,29℃,3-4级,西南风,多云,19℃,2018-06-11,201806
527,11,116.0,轻度污染,3.0,32℃,1-2级,东南风,多云~雷阵雨,19℃,2018-06-12,201806
528,12,73.0,良,2.0,28℃,1-2级,东北风,雷阵雨~多云,19℃,2018-06-13,201806
529,13,54.0,良,2.0,31℃,1-2级,南风,多云,20℃,2018-06-14,201806
530,14,117.0,轻度污染,3.0,32℃,3-4级,东南风,多云,20℃,2018-06-15,201806
531,15,103.0,轻度污染,3.0,31℃,1-2级,南风,多云~雷阵雨,21℃,2018-06-16,201806
532,16,71.0,良,2.0,31℃,1-2级,南风,阴~雷阵雨,22℃,2018-06-17,201806
533,17,112.0,轻度污染,3.0,30℃,1-2级,西南风,雷阵雨,21℃,2018-06-18,201806
534,18,81.0,良,2.0,32℃,1-2级,东北风,多云~晴,20℃,2018-06-19,201806
535,19,71.0,良,2.0,35℃,1-2级,南风,晴,21℃,2018-06-20,201806
536,20,73.0,良,2.0,35℃,1-2级,南风,多云,24℃,2018-06-21,201806
537,21,83.0,良,2.0,30℃,1-2级,东南风,雷阵雨~多云,21℃,2018-06-22,201806
538,22,104.0,轻度污染,3.0,35℃,1-2级,南风,多云~晴,24℃,2018-06-23,201806
539,23,98.0,良,2.0,36℃,3-4级,南风,多云,25℃,2018-06-24,201806
540,24,101.0,轻度污染,3.0,34℃,1-2级,南风,雷阵雨,24℃,2018-06-25,201806
541,25,174.0,中度污染,4.0,36℃,3-4级,西南风,晴,25℃,2018-06-26,201806
542,26,54.0,良,2.0,37℃,3-4级,东北风,多云,25℃,2018-06-27,201806
543,27,33.0,优,1.0,35℃,1-2级,北风,多云~晴,24℃,2018-06-28,201806
544,28,59.0,良,2.0,37℃,1-2级,南风,晴,25℃,2018-06-29,201806
545,29,81.0,良,2.0,37℃,3-4级,东南风,雷阵雨~多云,23℃,2018-06-30,201806
546,0,68.0,良,2.0,35℃,1-2级,东南风,晴,23℃,2018-07-01,201807
547,1,66.0,良,2.0,32℃,3-4级,东南风,多云~雷阵雨,23℃,2018-07-02,201807
548,2,76.0,良,2.0,32℃,1-2级,东南风,雷阵雨~多云,24℃,2018-07-03,201807
549,3,96.0,良,2.0,35℃,1-2级,西南风,多云,26℃,2018-07-04,201807
550,4,104.0,轻度污染,3.0,37℃,1-2级,东南风,多云~雷阵雨,24℃,2018-07-05,201807
551,5,71.0,良,2.0,33℃,3-4级,东南风,多云~雷阵雨,23℃,2018-07-06,201807
552,6,72.0,良,2.0,31℃,1-2级,东南风,雷阵雨,23℃,2018-07-07,201807
553,7,73.0,良,2.0,30℃,1-2级,南风,雷阵雨,23℃,2018-07-08,201807
554,8,106.0,轻度污染,3.0,30℃,1-2级,东南风,雷阵雨~多云,22℃,2018-07-09,201807
555,9,48.0,优,1.0,30℃,1-2级,南风,多云~雷阵雨,22℃,2018-07-10,201807
556,10,44.0,优,1.0,25℃,1-2级,东北风,雷阵雨~大雨,22℃,2018-07-11,201807
557,11,46.0,优,1.0,27℃,1-2级,南风,多云,22℃,2018-07-12,201807
558,12,60.0,良,2.0,28℃,1-2级,东风,雷阵雨,23℃,2018-07-13,201807
559,13,73.0,良,2.0,31℃,1-2级,东南风,雷阵雨~多云,24℃,2018-07-14,201807
560,14,87.0,良,2.0,32℃,1-2级,南风,雷阵雨,25℃,2018-07-15,201807
561,15,43.0,优,1.0,31℃,1-2级,南风,中雨~雷阵雨,24℃,2018-07-16,201807
562,16,28.0,优,1.0,27℃,1-2级,西风,中雨~雷阵雨,23℃,2018-07-17,201807
563,17,99.0,良,2.0,33℃,1-2级,南风,多云,25℃,2018-07-18,201807
564,18,91.0,良,2.0,33℃,1-2级,南风,多云~雷阵雨,27℃,2018-07-19,201807
565,19,116.0,轻度污染,3.0,33℃,3-4级,西南风,多云,27℃,2018-07-20,201807
566,20,96.0,良,2.0,34℃,3-4级,南风,多云~雷阵雨,26℃,2018-07-21,201807
567,21,66.0,良,2.0,34℃,1-2级,东南风,多云,25℃,2018-07-22,201807
568,22,75.0,良,2.0,32℃,1-2级,东风,小雨~大雨,25℃,2018-07-23,201807
569,23,29.0,优,1.0,28℃,3-4级,东北风,暴雨~雷阵雨,26℃,2018-07-24,201807
570,24,28.0,优,1.0,32℃,1-2级,北风,多云,25℃,2018-07-25,201807
571,25,40.0,优,1.0,33℃,1-2级,东北风,多云~雷阵雨,25℃,2018-07-26,201807
572,26,65.0,良,2.0,32℃,1-2级,东北风,多云,23℃,2018-07-27,201807
573,27,83.0,良,2.0,33℃,1-2级,东南风,多云~晴,24℃,2018-07-28,201807
574,28,101.0,轻度污染,3.0,33℃,1-2级,东南风,多云,25℃,2018-07-29,201807
575,29,104.0,轻度污染,3.0,34℃,1-2级,东南风,晴,25℃,2018-07-30,201807
576,30,99.0,良,2.0,35℃,1-2级,南风,晴,26℃,2018-07-31,201807
577,0,91.0,良,2.0,35℃,1-2级,东南风,多云~雷阵雨,27℃,2018-08-01,201808
578,1,118.0,轻度污染,3.0,36℃,1-2级,南风,多云~晴,26℃,2018-08-02,201808
579,2,86.0,良,2.0,36℃,1-2级,南风,晴,26℃,2018-08-03,201808
580,3,96.0,良,2.0,36℃,1-2级,南风,晴~多云,27℃,2018-08-04,201808
581,4,61.0,良,2.0,35℃,1-2级,东风,雷阵雨~中雨,25℃,2018-08-05,201808
582,5,52.0,良,2.0,30℃,1-2级,东风,小雨~雷阵雨,25℃,2018-08-06,201808
583,6,85.0,良,2.0,29℃,1-2级,东南风,雷阵雨~中雨,24℃,2018-08-07,201808
584,7,45.0,优,1.0,29℃,1-2级,东北风,雷阵雨~阴,24℃,2018-08-08,201808
585,8,49.0,优,1.0,30℃,1-2级,南风,多云,24℃,2018-08-09,201808
586,9,71.0,良,2.0,33℃,1-2级,南风,多云~雷阵雨,25℃,2018-08-10,201808
587,10,60.0,良,2.0,30℃,1-2级,东风,雷阵雨~中雨,23℃,2018-08-11,201808
588,11,74.0,良,2.0,30℃,1-2级,东南风,雷阵雨,24℃,2018-08-12,201808
589,12,62.0,良,2.0,31℃,1-2级,东北风,雷阵雨~中雨,24℃,2018-08-13,201808
590,13,42.0,优,1.0,29℃,1-2级,东北风,中雨~小雨,24℃,2018-08-14,201808
591,14,33.0,优,1.0,32℃,3-4级,东北风,多云,24℃,2018-08-15,201808
592,15,40.0,优,1.0,30℃,1-2级,东北风,晴~多云,21℃,2018-08-16,201808
593,16,69.0,良,2.0,30℃,1-2级,东南风,多云~雷阵雨,22℃,2018-08-17,201808
594,17,40.0,优,1.0,28℃,3-4级,北风,小雨~中雨,23℃,2018-08-18,201808
595,18,37.0,优,1.0,26℃,1-2级,东北风,中雨~小雨,23℃,2018-08-19,201808
596,19,41.0,优,1.0,32℃,1-2级,北风,多云~晴,23℃,2018-08-20,201808
597,20,38.0,优,1.0,32℃,1-2级,北风,多云,22℃,2018-08-21,201808
598,21,48.0,优,1.0,28℃,1-2级,西南风,雷阵雨~多云,21℃,2018-08-22,201808
599,22,43.0,优,1.0,31℃,1-2级,北风,多云,21℃,2018-08-23,201808
600,23,40.0,优,1.0,30℃,1-2级,北风,晴,20℃,2018-08-24,201808
601,24,62.0,良,2.0,31℃,1-2级,南风,多云~小雨,22℃,2018-08-25,201808
602,25,76.0,良,2.0,31℃,1-2级,东南风,雷阵雨,22℃,2018-08-26,201808
603,26,89.0,良,2.0,30℃,1-2级,东南风,多云~雷阵雨,22℃,2018-08-27,201808
604,27,58.0,良,2.0,29℃,1-2级,南风,小雨~多云,22℃,2018-08-28,201808
605,28,44.0,优,1.0,31℃,3-4级,北风,晴~多云,20℃,2018-08-29,201808
606,29,47.0,优,1.0,29℃,1-2级,南风,多云,20℃,2018-08-30,201808
607,30,48.0,优,1.0,29℃,1-2级,东南风,多云~阴,20℃,2018-08-31,201808
608,0,50.0,优,1.0,27℃,1-2级,南风,阴~小雨,19℃,2018-09-01,201809
609,1,55.0,良,2.0,27℃,1-2级,南风,小雨~多云,19℃,2018-09-02,201809
610,2,70.0,良,2.0,30℃,3-4级,北风,晴,19℃,2018-09-03,201809
611,3,24.0,优,1.0,31℃,3-4级,西南风,晴,18℃,2018-09-04,201809
612,4,34.0,优,1.0,31℃,3-4级,西南风,晴~多云,19℃,2018-09-05,201809
613,5,37.0,优,1.0,27℃,4-5级,西北风,多云~晴,18℃,2018-09-06,201809
614,6,22.0,优,1.0,27℃,3-4级,西北风,晴,16℃,2018-09-07,201809
615,7,28.0,优,1.0,27℃,1-2级,北风,多云~晴,15℃,2018-09-08,201809
616,8,51.0,良,2.0,28℃,1-2级,西南风,晴,16℃,2018-09-09,201809
617,9,65.0,良,2.0,28℃,1-2级,南风,多云,19℃,2018-09-10,201809
618,10,68.0,良,2.0,26℃,1-2级,南风,多云,19℃,2018-09-11,201809
619,11,59.0,良,2.0,29℃,1-2级,南风,多云,19℃,2018-09-12,201809
620,12,107.0,轻度污染,3.0,29℃,1-2级,南风,多云~阴,20℃,2018-09-13,201809
621,13,128.0,轻度污染,3.0,28℃,1-2级,南风,小雨~多云,19℃,2018-09-14,201809
622,14,42.0,优,1.0,26℃,3-4级,北风,多云,15℃,2018-09-15,201809
623,15,29.0,优,1.0,25℃,1-2级,北风,多云~晴,14℃,2018-09-16,201809
624,16,37.0,优,1.0,27℃,1-2级,北风,多云~阴,17℃,2018-09-17,201809
625,17,50.0,优,1.0,25℃,1-2级,西南风,阴~多云,17℃,2018-09-18,201809
626,18,52.0,良,2.0,26℃,1-2级,南风,多云,17℃,2018-09-19,201809
627,19,63.0,良,2.0,27℃,1-2级,西南风,多云,16℃,2018-09-20,201809
628,20,50.0,优,1.0,25℃,3-4级,西北风,晴,14℃,2018-09-21,201809
629,21,28.0,优,1.0,24℃,3-4级,西北风,晴,13℃,2018-09-22,201809
630,22,28.0,优,1.0,23℃,4-5级,西北风,晴,12℃,2018-09-23,201809
631,23,28.0,优,1.0,23℃,1-2级,北风,晴,11℃,2018-09-24,201809
632,24,44.0,优,1.0,24℃,1-2级,南风,晴~多云,12℃,2018-09-25,201809
633,25,53.0,良,2.0,24℃,1-2级,南风,多云,14℃,2018-09-26,201809
634,26,84.0,良,2.0,22℃,1-2级,南风,小雨,12℃,2018-09-27,201809
635,27,84.0,良,2.0,24℃,3-4级,西南风,多云,11℃,2018-09-28,201809
636,28,21.0,优,1.0,22℃,3-4级,北风,晴,11℃,2018-09-29,201809
637,29,22.0,优,1.0,19℃,4-5级,西北风,多云,13℃,2018-09-30,201809
638,0,25.0,优,1.0,24℃,4-5级,北风,晴,12℃,2018-10-01,201810
639,1,31.0,优,1.0,24℃,1-2级,西北风,晴,11℃,2018-10-02,201810
640,2,36.0,优,1.0,25℃,1-2级,北风,晴,10℃,2018-10-03,201810
641,3,65.0,良,2.0,25℃,1-2级,南风,晴,12℃,2018-10-04,201810
642,4,105.0,轻度污染,3.0,24℃,1-2级,南风,多云,14℃,2018-10-05,201810
643,5,32.0,优,1.0,20℃,4-5级,北风,晴,8℃,2018-10-06,201810
644,6,35.0,优,1.0,21℃,1-2级,西风,晴,7℃,2018-10-07,201810
645,7,37.0,优,1.0,21℃,1-2级,北风,多云,8℃,2018-10-08,201810
646,8,21.0,优,1.0,15℃,4-5级,西北风,多云~晴,4℃,2018-10-09,201810
647,9,25.0,优,1.0,17℃,1-2级,西北风,多云~晴,4℃,2018-10-10,201810
648,10,30.0,优,1.0,18℃,1-2级,北风,晴~多云,5℃,2018-10-11,201810
649,11,62.0,良,2.0,20℃,1-2级,南风,多云~晴,8℃,2018-10-12,201810
650,12,106.0,轻度污染,3.0,20℃,1-2级,西北风,多云,8℃,2018-10-13,201810
651,13,177.0,中度污染,4.0,21℃,1-2级,南风,多云,10℃,2018-10-14,201810
652,14,198.0,中度污染,4.0,17℃,1-2级,北风,小雨,11℃,2018-10-15,201810
653,15,88.0,良,2.0,17℃,1-2级,东北风,多云~晴,7℃,2018-10-16,201810
654,16,54.0,良,2.0,17℃,1-2级,北风,晴,5℃,2018-10-17,201810
655,17,49.0,优,1.0,18℃,1-2级,南风,晴,5℃,2018-10-18,201810
656,18,60.0,良,2.0,19℃,1-2级,南风,多云,7℃,2018-10-19,201810
657,19,86.0,良,2.0,18℃,1-2级,南风,多云,7℃,2018-10-20,201810
658,20,143.0,轻度污染,3.0,18℃,1-2级,南风,多云,7℃,2018-10-21,201810
659,21,176.0,中度污染,4.0,19℃,1-2级,西北风,多云~晴,5℃,2018-10-22,201810
660,22,37.0,优,1.0,19℃,3-4级,西南风,晴,4℃,2018-10-23,201810
661,23,70.0,良,2.0,20℃,1-2级,南风,晴~多云,6℃,2018-10-24,201810
662,24,119.0,轻度污染,3.0,15℃,1-2级,西风,多云,8℃,2018-10-25,201810
663,25,46.0,优,1.0,14℃,4-5级,西北风,晴,3℃,2018-10-26,201810
664,26,33.0,优,1.0,17℃,1-2级,西南风,多云,5℃,2018-10-27,201810
665,27,32.0,优,1.0,17℃,4-5级,西北风,多云~晴,4℃,2018-10-28,201810
666,28,22.0,优,1.0,15℃,3-4级,北风,晴,3℃,2018-10-29,201810
667,29,33.0,优,1.0,16℃,1-2级,北风,晴,1℃,2018-10-30,201810
668,30,47.0,优,1.0,17℃,1-2级,西南风,晴,3℃,2018-10-31,201810
669,0,69.0,良,2.0,17℃,1-2级,南风,晴,3℃,2018-11-01,201811
670,1,149.0,轻度污染,3.0,18℃,1-2级,南风,晴,4℃,2018-11-02,201811
671,2,206.0,重度污染,5.0,16℃,1-2级,南风,多云,6℃,2018-11-03,201811
672,3,115.0,轻度污染,3.0,10℃,3-4级,北风,小雨~多云,2℃,2018-11-04,201811
673,4,30.0,优,1.0,10℃,1-2级,西南风,多云,2℃,2018-11-05,201811
674,5,33.0,优,1.0,12℃,1-2级,北风,多云,0℃,2018-11-06,201811
675,6,49.0,优,1.0,13℃,1-2级,西南风,多云,3℃,2018-11-07,201811
676,7,90.0,良,2.0,14℃,1-2级,西南风,多云,2℃,2018-11-08,201811
677,8,69.0,良,2.0,15℃,3-4级,北风,晴~多云,1℃,2018-11-09,201811
678,9,35.0,优,1.0,11℃,1-2级,北风,多云,0℃,2018-11-10,201811
679,10,70.0,良,2.0,13℃,1-2级,西南风,多云~晴,1℃,2018-11-11,201811
680,11,124.0,轻度污染,3.0,14℃,1-2级,南风,晴,2℃,2018-11-12,201811
681,12,219.0,重度污染,5.0,13℃,1-2级,东南风,多云,5℃,2018-11-13,201811
682,13,266.0,重度污染,5.0,13℃,1-2级,南风,多云,5℃,2018-11-14,201811
683,14,100.0,良,2.0,8℃,3-4级,北风,小雨~多云,1℃,2018-11-15,201811
684,15,28.0,优,1.0,8℃,1-2级,北风,晴~多云,-1℃,2018-11-16,201811
685,16,66.0,良,2.0,9℃,1-2级,西南风,多云~晴,-2℃,2018-11-17,201811
686,17,70.0,良,2.0,11℃,3-4级,西北风,晴,-3℃,2018-11-18,201811
687,18,78.0,良,2.0,10℃,1-2级,南风,晴~多云,-2℃,2018-11-19,201811
688,19,74.0,良,2.0,9℃,1-2级,北风,多云,-1℃,2018-11-20,201811
689,20,43.0,优,1.0,9℃,2级,西北风,晴,-3℃,2018-11-21,201811
690,21,55.0,良,2.0,8℃,1级,东南风,晴~多云,-3℃,2018-11-22,201811
691,22,93.0,良,2.0,7℃,2级,东北风,多云,0℃,2018-11-23,201811
692,23,114.0,轻度污染,3.0,9℃,1级,西南风,晴,-3℃,2018-11-24,201811
693,24,120.0,轻度污染,3.0,10℃,1级,东南风,晴,-3℃,2018-11-25,201811
694,25,245.0,重度污染,5.0,10℃,1级,东南风,多云,0℃,2018-11-26,201811
695,26,198.0,中度污染,4.0,9℃,2级,西北风,晴~多云,-3℃,2018-11-27,201811
696,27,115.0,轻度污染,3.0,8℃,1级,东北风,晴,-3℃,2018-11-28,201811
697,28,107.0,轻度污染,3.0,7℃,1级,东南风,晴,-4℃,2018-11-29,201811
698,29,123.0,轻度污染,3.0,8℃,1级,东南风,晴,-3℃,2018-11-30,201811
699,0,163.0,中度污染,4.0,7℃,1级,东南风,多云,0℃,2018-12-01,201812
700,1,234.0,重度污染,5.0,9℃,1级,东北风,雾~多云,2℃,2018-12-02,201812
701,2,198.0,中度污染,4.0,8℃,3级,东北风,多云~晴,-3℃,2018-12-03,201812
702,3,61.0,良,2.0,4℃,2级,西北风,晴~多云,-6℃,2018-12-04,201812
703,4,73.0,良,2.0,1℃,1级,东南风,阴~多云,-4℃,2018-12-05,201812
704,5,40.0,优,1.0,-2℃,3级,西北风,晴,-9℃,2018-12-06,201812
705,6,33.0,优,1.0,-4℃,3级,西北风,晴,-10℃,2018-12-07,201812
706,7,37.0,优,1.0,-2℃,2级,西北风,晴~多云,-10℃,2018-12-08,201812
707,8,62.0,良,2.0,-1℃,1级,东南风,多云~晴,-10℃,2018-12-09,201812
708,9,79.0,良,2.0,1℃,1级,东北风,多云,-6℃,2018-12-10,201812
709,10,56.0,良,2.0,-1℃,3级,西北风,晴,-10℃,2018-12-11,201812
710,11,50.0,优,1.0,1℃,1级,西南风,晴,-8℃,2018-12-12,201812
711,12,42.0,优,1.0,3℃,2级,西北风,晴,-7℃,2018-12-13,201812
712,13,68.0,良,2.0,4℃,1级,东南风,晴,-6℃,2018-12-14,201812
713,14,117.0,轻度污染,3.0,2℃,1级,东南风,霾,-6℃,2018-12-15,201812
714,15,108.0,轻度污染,3.0,7℃,2级,西北风,晴,-4℃,2018-12-16,201812
715,16,47.0,优,1.0,7℃,2级,西北风,晴,-5℃,2018-12-17,201812
716,17,53.0,良,2.0,9℃,2级,西北风,晴,-4℃,2018-12-18,201812
717,18,59.0,良,2.0,9℃,1级,西北风,晴~多云,-5℃,2018-12-19,201812
718,19,78.0,良,2.0,6℃,1级,东南风,霾,-4℃,2018-12-20,201812
719,20,98.0,良,2.0,10℃,1级,西北风,晴~多云,-2℃,2018-12-21,201812
720,21,106.0,轻度污染,3.0,8℃,2级,西北风,多云,-6℃,2018-12-22,201812
721,22,106.0,轻度污染,3.0,1℃,3级,西北风,晴,-9℃,2018-12-23,201812
722,23,106.0,轻度污染,3.0,2℃,1级,西南风,晴,-8℃,2018-12-24,201812
723,24,94.0,良,2.0,2℃,2级,东北风,晴,-9℃,2018-12-25,201812
724,25,26.0,优,1.0,-2℃,2级,东北风,晴~多云,-11℃,2018-12-26,201812
725,26,48.0,优,1.0,-5℃,3级,西北风,多云~晴,-12℃,2018-12-27,201812
726,27,40.0,优,1.0,-3℃,3级,西北风,晴,-11℃,2018-12-28,201812
727,28,29.0,优,1.0,-3℃,2级,西北风,晴,-12℃,2018-12-29,201812
728,29,31.0,优,1.0,-2℃,1级,东北风,晴~多云,-11℃,2018-12-30,201812
729,30,56.0,良,2.0,-2℃,1级,东北风,多云,-10℃,2018-12-31,201812
730,0,56.0,良,2.0,1℃,1级,西北风,晴~多云,-10℃,2019-01-01,201901
731,1,60.0,良,2.0,1℃,1级,东北风,多云,-9℃,2019-01-02,201901
732,2,165.0,中度污染,4.0,2℃,1级,东北风,霾,-7℃,2019-01-03,201901
733,3,50.0,优,1.0,2℃,2级,西北风,晴,-7℃,2019-01-04,201901
734,4,29.0,优,1.0,0℃,2级,东北风,多云,-8℃,2019-01-05,201901
735,5,84.0,良,2.0,3℃,1级,东南风,多云,-7℃,2019-01-06,201901
736,6,61.0,良,2.0,2℃,2级,西北风,多云,-7℃,2019-01-07,201901
737,7,28.0,优,1.0,1℃,2级,西北风,晴,-10℃,2019-01-08,201901
738,8,60.0,良,2.0,3℃,1级,西南风,晴,-9℃,2019-01-09,201901
739,9,105.0,轻度污染,3.0,4℃,1级,西南风,晴~多云,-7℃,2019-01-10,201901
740,10,133.0,轻度污染,3.0,5℃,1级,东北风,霾,-7℃,2019-01-11,201901
741,11,229.0,重度污染,5.0,6℃,1级,西南风,霾,-5℃,2019-01-12,201901
742,12,165.0,中度污染,4.0,6℃,1级,东北风,晴,-7℃,2019-01-13,201901
743,13,157.0,中度污染,4.0,6℃,2级,西北风,霾~晴,-8℃,2019-01-14,201901
744,14,53.0,良,2.0,-2℃,3级,西北风,晴,-10℃,2019-01-15,201901
745,15,60.0,良,2.0,2℃,1级,西南风,晴,-8℃,2019-01-16,201901
746,16,66.0,良,2.0,5℃,1级,西北风,晴,-9℃,2019-01-17,201901
747,17,92.0,良,2.0,6℃,1级,东北风,霾~多云,-6℃,2019-01-18,201901
748,18,35.0,优,1.0,3℃,2级,东北风,多云,-6℃,2019-01-19,201901
749,19,30.0,优,1.0,5℃,2级,西北风,晴,-7℃,2019-01-20,201901
750,20,52.0,良,2.0,8℃,2级,西北风,晴,-4℃,2019-01-21,201901
751,21,60.0,良,2.0,10℃,2级,西北风,晴,-3℃,2019-01-22,201901
752,22,48.0,优,1.0,8℃,2级,东北风,晴,-6℃,2019-01-23,201901
753,23,78.0,良,2.0,5℃,1级,东北风,多云,-5℃,2019-01-24,201901
754,24,35.0,优,1.0,5℃,2级,东北风,晴,-6℃,2019-01-25,201901
755,25,35.0,优,1.0,5℃,1级,东南风,晴~多云,-5℃,2019-01-26,201901
756,26,95.0,良,2.0,7℃,2级,西北风,多云~晴,-4℃,2019-01-27,201901
757,27,48.0,优,1.0,6℃,1级,西北风,晴~多云,-4℃,2019-01-28,201901
758,28,138.0,轻度污染,3.0,7℃,1级,东南风,多云,-4℃,2019-01-29,201901
759,29,76.0,良,2.0,5℃,3级,东北风,多云,-7℃,2019-01-30,201901
760,30,25.0,优,1.0,2℃,2级,西北风,多云,-8℃,2019-01-31,201901
761,0,69.0,良,2.0,6℃,1级,西南风,晴~多云,-5℃,2019-02-01,201902
762,1,137.0,轻度污染,3.0,3℃,1级,东北风,多云,-4℃,2019-02-02,201902
763,2,118.0,轻度污染,3.0,8℃,2级,西北风,多云~晴,-7℃,2019-02-03,201902
764,3,76.0,良,2.0,4℃,1级,东北风,多云~晴,-6℃,2019-02-04,201902
765,4,155.0,中度污染,4.0,5℃,2级,东南风,晴~霾,-5℃,2019-02-05,201902
766,5,88.0,良,2.0,2℃,2级,东南风,霾,-7℃,2019-02-06,201902
767,6,31.0,优,1.0,-2℃,3级,东北风,多云,-7℃,2019-02-07,201902
768,7,42.0,优,1.0,-1℃,2级,西南风,多云,-7℃,2019-02-08,201902
769,8,24.0,优,1.0,0℃,2级,东北风,多云,-8℃,2019-02-09,201902
770,9,38.0,优,1.0,0℃,1级,东南风,多云,-8℃,2019-02-10,201902
771,10,56.0,良,2.0,3℃,2级,东北风,多云,-6℃,2019-02-11,201902
772,11,47.0,优,1.0,-3℃,2级,东北风,小雪~多云,-8℃,2019-02-12,201902
773,12,38.0,优,1.0,1℃,2级,东北风,多云,-6℃,2019-02-13,201902
774,13,71.0,良,2.0,-3℃,2级,东南风,小雪~多云,-6℃,2019-02-14,201902
775,14,30.0,优,1.0,2℃,3级,西北风,晴,-7℃,2019-02-15,201902
776,15,23.0,优,1.0,3℃,2级,西北风,晴,-6℃,2019-02-16,201902
777,16,25.0,优,1.0,6℃,2级,西北风,晴~多云,-5℃,2019-02-17,201902
778,17,42.0,优,1.0,4℃,1级,东南风,阴,-3℃,2019-02-18,201902
779,18,117.0,轻度污染,3.0,7℃,2级,西北风,多云~晴,-4℃,2019-02-19,201902
780,19,50.0,优,1.0,9℃,1级,西北风,晴,-4℃,2019-02-20,201902
781,20,119.0,轻度污染,3.0,11℃,1级,东南风,晴~多云,-2℃,2019-02-21,201902
782,21,131.0,轻度污染,3.0,11℃,1级,东北风,霾,-2℃,2019-02-22,201902
783,22,163.0,中度污染,4.0,12℃,1级,西南风,霾,-2℃,2019-02-23,201902
784,23,112.0,轻度污染,3.0,13℃,2级,东北风,晴~多云,-1℃,2019-02-24,201902
785,24,73.0,良,2.0,10℃,1级,东南风,多云,-2℃,2019-02-25,201902
786,25,71.0,良,2.0,10℃,2级,东南风,多云,-2℃,2019-02-26,201902
787,26,117.0,轻度污染,3.0,12℃,1级,东南风,晴,-2℃,2019-02-27,201902
788,27,101.0,轻度污染,3.0,14℃,1级,西北风,晴,-1℃,2019-02-28,201902
789,0,152.0,中度污染,4.0,15℃,1级,东北风,晴~多云,1℃,2019-03-01,201903
790,1,232.0,重度污染,5.0,15℃,2级,西南风,霾,3℃,2019-03-02,201903
791,2,207.0,重度污染,5.0,15℃,1级,西南风,霾,2℃,2019-03-03,201903
792,3,138.0,轻度污染,3.0,16℃,1级,东北风,多云,2℃,2019-03-04,201903
793,4,129.0,轻度污染,3.0,17℃,3级,西北风,多云~晴,4℃,2019-03-05,201903
794,5,27.0,优,1.0,11℃,3级,西北风,晴,-2℃,2019-03-06,201903
795,6,36.0,优,1.0,13℃,2级,西南风,晴,-1℃,2019-03-07,201903
796,7,82.0,良,2.0,13℃,2级,西南风,多云,3℃,2019-03-08,201903
797,8,109.0,轻度污染,3.0,12℃,2级,东北风,阴~多云,2℃,2019-03-09,201903
798,9,141.0,轻度污染,3.0,13℃,2级,东北风,小雨~多云,2℃,2019-03-10,201903
799,10,54.0,良,2.0,16℃,3级,西北风,晴,1℃,2019-03-11,201903
800,11,29.0,优,1.0,12℃,3级,西北风,晴,1℃,2019-03-12,201903
801,12,31.0,优,1.0,16℃,2级,西北风,多云,2℃,2019-03-13,201903
802,13,34.0,优,1.0,15℃,3级,西北风,多云,4℃,2019-03-14,201903
803,14,45.0,优,1.0,13℃,3级,西北风,多云,0℃,2019-03-15,201903
804,15,55.0,良,2.0,19℃,2级,西北风,晴,2℃,2019-03-16,201903
805,16,74.0,良,2.0,20℃,2级,西南风,晴,4℃,2019-03-17,201903
806,17,126.0,轻度污染,3.0,21℃,1级,东南风,多云~晴,6℃,2019-03-18,201903
807,18,172.0,中度污染,4.0,25℃,2级,西南风,多云,11℃,2019-03-19,201903
808,19,96.0,良,2.0,17℃,2级,西南风,小雨,6℃,2019-03-20,201903
809,20,31.0,优,1.0,13℃,4级,西北风,晴,0℃,2019-03-21,201903
810,21,32.0,优,1.0,15℃,3级,西北风,晴,3℃,2019-03-22,201903
811,22,34.0,优,1.0,12℃,3级,西北风,晴,2℃,2019-03-23,201903
812,23,69.0,良,2.0,19℃,2级,西南风,晴,4℃,2019-03-24,201903
813,24,55.0,良,2.0,22℃,2级,西北风,晴,5℃,2019-03-25,201903
814,25,81.0,良,2.0,19℃,2级,东北风,晴,4℃,2019-03-26,201903
815,26,104.0,轻度污染,3.0,21℃,2级,东北风,多云,4℃,2019-03-27,201903
816,27,61.0,良,2.0,11℃,3级,东南风,多云,2℃,2019-03-28,201903
817,28,76.0,良,2.0,13℃,3级,西北风,多云~晴,4℃,2019-03-29,201903
818,29,27.0,优,1.0,13℃,4级,西北风,晴,1℃,2019-03-30,201903
819,30,32.0,优,1.0,16℃,2级,西北风,多云~晴,2℃,2019-03-31,201903
820,0,37.0,优,1.0,16℃,2级,东南风,晴,4℃,2019-04-01,201904
821,1,56.0,良,2.0,19℃,2级,东南风,晴,3℃,2019-04-02,201904
822,2,78.0,良,2.0,21℃,2级,西南风,晴,6℃,2019-04-03,201904
823,3,105.0,轻度污染,3.0,28℃,3级,西北风,多云,9℃,2019-04-04,201904
824,4,203.0,重度污染,5.0,21℃,3级,东南风,晴~多云,8℃,2019-04-05,201904
825,5,135.0,轻度污染,3.0,20℃,2级,东北风,多云,6℃,2019-04-06,201904
826,6,78.0,良,2.0,19℃,2级,东南风,多云,7℃,2019-04-07,201904
827,7,64.0,良,2.0,17℃,2级,东南风,多云~小雨,4℃,2019-04-08,201904
828,8,39.0,优,1.0,9℃,2级,东北风,小雨~多云,2℃,2019-04-09,201904
829,9,41.0,优,1.0,18℃,2级,西北风,多云,9℃,2019-04-10,201904
830,10,66.0,良,2.0,19℃,2级,西南风,多云,6℃,2019-04-11,201904
831,11,82.0,良,2.0,22℃,3级,西南风,多云,9℃,2019-04-12,201904
832,12,120.0,轻度污染,3.0,23℃,2级,东北风,多云,7℃,2019-04-13,201904
833,13,54.0,良,2.0,23℃,3级,西南风,晴,8℃,2019-04-14,201904
834,14,76.0,良,2.0,26℃,2级,西南风,多云,11℃,2019-04-15,201904
835,15,98.0,良,2.0,26℃,2级,东南风,晴,12℃,2019-04-16,201904
836,16,138.0,轻度污染,3.0,28℃,3级,西南风,霾~多云,16℃,2019-04-17,201904
837,17,121.0,轻度污染,3.0,24℃,3级,东北风,多云,10℃,2019-04-18,201904
838,18,62.0,良,2.0,17℃,2级,东南风,多云~小雨,10℃,2019-04-19,201904
839,19,55.0,良,2.0,15℃,1级,东南风,小雨~多云,8℃,2019-04-20,201904
840,20,112.0,轻度污染,3.0,22℃,2级,东南风,晴,8℃,2019-04-21,201904
841,21,129.0,轻度污染,3.0,26℃,2级,西南风,晴~多云,15℃,2019-04-22,201904
842,22,128.0,轻度污染,3.0,28℃,2级,东南风,多云,15℃,2019-04-23,201904
843,23,63.0,良,2.0,19℃,3级,东北风,小雨,9℃,2019-04-24,201904
844,24,29.0,优,1.0,18℃,2级,东北风,多云,8℃,2019-04-25,201904
845,25,35.0,优,1.0,21℃,2级,西南风,晴~多云,10℃,2019-04-26,201904
846,26,57.0,良,2.0,16℃,3级,西南风,小雨~多云,6℃,2019-04-27,201904
847,27,58.0,良,2.0,19℃,2级,西南风,多云,9℃,2019-04-28,201904
848,28,113.0,轻度污染,3.0,23℃,2级,西南风,多云,13℃,2019-04-29,201904
849,29,94.0,良,2.0,24℃,3级,西北风,多云,13℃,2019-04-30,201904
850,0,39.0,优,1.0,27℃,2级,西北风,晴,10℃,2019-05-01,201905
851,1,54.0,良,2.0,29℃,2级,西南风,晴~多云,14℃,2019-05-02,201905
852,2,79.0,良,2.0,28℃,2级,西南风,多云,16℃,2019-05-03,201905
853,3,80.0,良,2.0,26℃,2级,西南风,阴~小雨,15℃,2019-05-04,201905
854,4,50.0,优,1.0,23℃,4级,东北风,多云~晴,10℃,2019-05-05,201905
855,5,39.0,优,1.0,25℃,2级,西北风,晴,10℃,2019-05-06,201905
856,6,50.0,优,1.0,28℃,2级,西南风,晴~多云,14℃,2019-05-07,201905
857,7,70.0,良,2.0,25℃,2级,西南风,多云~晴,13℃,2019-05-08,201905
858,8,64.0,良,2.0,30℃,2级,西北风,晴,14℃,2019-05-09,201905
859,9,87.0,良,2.0,30℃,2级,东南风,多云,14℃,2019-05-10,201905
860,10,104.0,轻度污染,3.0,29℃,2级,东南风,多云,14℃,2019-05-11,201905
861,11,161.0,中度污染,4.0,26℃,2级,西北风,雷阵雨~晴,12℃,2019-05-12,201905
862,12,58.0,良,2.0,26℃,3级,西南风,晴,12℃,2019-05-13,201905
863,13,85.0,良,2.0,30℃,2级,东南风,多云,16℃,2019-05-14,201905
864,14,133.0,轻度污染,3.0,28℃,2级,西南风,雷阵雨~多云,16℃,2019-05-15,201905
865,15,105.0,轻度污染,3.0,32℃,2级,东南风,晴,17℃,2019-05-16,201905
866,16,118.0,轻度污染,3.0,33℃,2级,东南风,多云~阴,20℃,2019-05-17,201905
867,17,56.0,良,2.0,29℃,2级,东南风,阴~小雨,18℃,2019-05-18,201905
868,18,62.0,良,2.0,28℃,4级,西北风,多云~晴,13℃,2019-05-19,201905
869,19,45.0,优,1.0,26℃,4级,西北风,晴,13℃,2019-05-20,201905
870,20,40.0,优,1.0,31℃,2级,西北风,晴,14℃,2019-05-21,201905
871,21,54.0,良,2.0,35℃,2级,西北风,晴,18℃,2019-05-22,201905
872,22,85.0,良,2.0,37℃,2级,东南风,晴,21℃,2019-05-23,201905
873,23,88.0,良,2.0,35℃,3级,西南风,多云,21℃,2019-05-24,201905
874,24,99.0,良,2.0,35℃,2级,东南风,多云~雷阵雨,20℃,2019-05-25,201905
875,25,59.0,良,2.0,24℃,3级,东北风,中雨~多云,17℃,2019-05-26,201905
876,26,30.0,优,1.0,29℃,3级,西北风,晴,15℃,2019-05-27,201905
877,27,39.0,优,1.0,32℃,2级,西北风,晴,17℃,2019-05-28,201905
878,28,63.0,良,2.0,33℃,2级,东南风,晴~多云,22℃,2019-05-29,201905
879,29,52.0,良,2.0,30℃,3级,西北风,多云~晴,15℃,2019-05-30,201905
880,30,34.0,优,1.0,30℃,2级,西北风,晴~多云,19℃,2019-05-31,201905
881,0,66.0,良,2.0,30℃,2级,东南风,雷阵雨~多云,18℃,2019-06-01,201906
882,1,75.0,良,2.0,32℃,2级,东南风,多云,19℃,2019-06-02,201906
883,2,62.0,良,2.0,34℃,2级,北风,多云,20℃,2019-06-03,201906
884,3,82.0,良,2.0,28℃,2级,东南风,雷阵雨~小雨,19℃,2019-06-04,201906
885,4,69.0,良,2.0,31℃,2级,东南风,多云~小雨,19℃,2019-06-05,201906
886,5,70.0,良,2.0,26℃,2级,东南风,小雨~多云,18℃,2019-06-06,201906
887,6,82.0,良,2.0,31℃,2级,西南风,多云~雷阵雨,21℃,2019-06-07,201906
888,7,65.0,良,2.0,34℃,2级,西北风,多云~晴,20℃,2019-06-08,201906
889,8,28.0,优,1.0,31℃,3级,东北风,多云~晴,18℃,2019-06-09,201906
890,9,61.0,良,2.0,33℃,2级,东北风,晴,18℃,2019-06-10,201906
891,10,75.0,良,2.0,32℃,2级,东南风,晴~多云,20℃,2019-06-11,201906
892,11,69.0,良,2.0,33℃,2级,东南风,多云~雷阵雨,22℃,2019-06-12,201906
893,12,58.0,良,2.0,29℃,2级,东北风,雷阵雨~晴,20℃,2019-06-13,201906
894,13,59.0,良,2.0,35℃,2级,东北风,晴,20℃,2019-06-14,201906
895,14,56.0,良,2.0,32℃,2级,东南风,多云~雷阵雨,19℃,2019-06-15,201906
896,15,38.0,优,1.0,25℃,2级,东南风,雷阵雨~多云,18℃,2019-06-16,201906
897,16,72.0,良,2.0,29℃,2级,西南风,多云,20℃,2019-06-17,201906
898,17,104.0,轻度污染,3.0,33℃,2级,西南风,雷阵雨,22℃,2019-06-18,201906
899,18,105.0,轻度污染,3.0,33℃,2级,东南风,多云,22℃,2019-06-19,201906
900,19,103.0,轻度污染,3.0,36℃,2级,东南风,多云~晴,23℃,2019-06-20,201906
901,20,85.0,良,2.0,32℃,2级,东南风,多云,21℃,2019-06-21,201906
902,21,59.0,良,2.0,34℃,2级,西南风,晴,22℃,2019-06-22,201906
903,22,93.0,良,2.0,35℃,2级,东南风,晴~多云,23℃,2019-06-23,201906
904,23,86.0,良,2.0,36℃,2级,东南风,多云,24℃,2019-06-24,201906
905,24,98.0,良,2.0,36℃,2级,东南风,多云,24℃,2019-06-25,201906
906,25,90.0,良,2.0,35℃,2级,东南风,多云,22℃,2019-06-26,201906
907,26,87.0,良,2.0,33℃,2级,西北风,多云~雷阵雨,23℃,2019-06-27,201906
908,27,56.0,良,2.0,32℃,3级,西南风,多云,22℃,2019-06-28,201906
909,28,40.0,优,1.0,35℃,3级,西北风,多云,23℃,2019-06-29,201906
910,29,27.0,优,1.0,32℃,3级,西北风,晴,21℃,2019-06-30,201906
